{
    "StreetNodes": {
        "rCUY4SLc": [
            [
                368,
                384
            ],
            [],
            [
                "hhqX19Y3",
                "lObr57dL"
            ]
        ],
        "hhqX19Y3": [
            [
                704,
                384
            ],
            [
                "rCUY4SLc"
            ],
            [
                "6qVtCJGt",
                "cpYjF6Q6",
                "przh44Nh"
            ]
        ],
        "6qVtCJGt": [
            [
                704,
                192
            ],
            [
                "hhqX19Y3"
            ],
            [
                "nNUbUPxy",
                "G5NyUBCq"
            ]
        ],
        "nNUbUPxy": [
            [
                416,
                192
            ],
            [
                "6qVtCJGt"
            ],
            [
                "lObr57dL"
            ]
        ],
        "lObr57dL": [
            [
                416.0,
                384.0
            ],
            [
                "nNUbUPxy"
            ],
            [
                "hhqX19Y3"
            ]
        ],
        "cpYjF6Q6": [
            [
                704,
                320
            ],
            [
                "hhqX19Y3"
            ],
            [
                "tLCQYxYo",
                "6Fk3AZI4"
            ]
        ],
        "tLCQYxYo": [
            [
                1008,
                320
            ],
            [
                "cpYjF6Q6"
            ],
            [
                "jrCyhFkq",
                "9ST7wZI2"
            ]
        ],
        "jrCyhFkq": [
            [
                1008,
                80
            ],
            [
                "tLCQYxYo"
            ],
            [
                "m4KwNtox",
                "HbMHAVmt"
            ]
        ],
        "m4KwNtox": [
            [
                576,
                80
            ],
            [
                "jrCyhFkq"
            ],
            [
                "G5NyUBCq"
            ]
        ],
        "G5NyUBCq": [
            [
                576.0,
                192.0
            ],
            [
                "m4KwNtox"
            ],
            [
                "nNUbUPxy"
            ]
        ],
        "a3w5tLuH": [
            [
                864,
                528
            ],
            [],
            [
                "6Fk3AZI4",
                "MubXhRh2"
            ]
        ],
        "6Fk3AZI4": [
            [
                864.0,
                320.0
            ],
            [
                "a3w5tLuH"
            ],
            [
                "tLCQYxYo",
                "HbMHAVmt",
                "0k7XQPNr"
            ]
        ],
        "HbMHAVmt": [
            [
                864.0,
                80.0
            ],
            [
                "6Fk3AZI4"
            ],
            [
                "m4KwNtox"
            ]
        ],
        "vDHnX9df": [
            [
                1248,
                208
            ],
            [],
            [
                "9ST7wZI2",
                "9khe0UXF"
            ]
        ],
        "9ST7wZI2": [
            [
                1008.0,
                208.0
            ],
            [
                "vDHnX9df"
            ],
            [
                "jrCyhFkq",
                "0k7XQPNr"
            ]
        ],
        "0k7XQPNr": [
            [
                864.0,
                208.0
            ],
            [
                "9ST7wZI2"
            ],
            [
                "HbMHAVmt",
                "przh44Nh"
            ]
        ],
        "przh44Nh": [
            [
                704.0,
                208.0
            ],
            [
                "0k7XQPNr"
            ],
            [
                "6qVtCJGt"
            ]
        ],
        "YF5BTPJv": [
            [
                544,
                384
            ],
            [],
            [
                "sFVqEZHE"
            ]
        ],
        "sFVqEZHE": [
            [
                544,
                480
            ],
            [
                "YF5BTPJv"
            ],
            [
                "MubXhRh2"
            ]
        ],
        "MubXhRh2": [
            [
                864.0,
                480.0
            ],
            [
                "sFVqEZHE"
            ],
            [
                "6Fk3AZI4",
                "7y4Az5lY"
            ]
        ],
        "7y4Az5lY": [
            [
                1136,
                480
            ],
            [
                "MubXhRh2"
            ],
            [
                "9khe0UXF"
            ]
        ],
        "9khe0UXF": [
            [
                1136.0,
                208.0
            ],
            [
                "7y4Az5lY"
            ],
            [
                "9ST7wZI2"
            ]
        ]
    },
    "StopLights": {
        "NHqFfJnk": [
            [
                416.0,
                272.0
            ],
            "nNUbUPxy",
            5.0,
            10.0
        ]
    },
    "CarSpawners": {
        "fLyGsTDp": [
            [
                385.0,
                384.0
            ],
            "rCUY4SLc",
            59.25925555555555,
            30
        ]
    }
}